x1,x2,x3,x4,x5,x6,x7,x8,x9,x10,x11,x12,x13,x14,x15,x16,x17,x18,x19,x20,x21,x22,x23,x24,x25,x26,x27,x28,x29,x30,x31,x32,x33,x34,x35,x36,x37,x38,x39,x40,x41,x42,x43,target
84.57241,68.61995,711.27227,0.04655,-0.04655,-0.04655,99.88378,0.11622,99.84441,0.15559,98.69147,11.89030,0.00000,0.00000,0.00000,0.00000,15.95246,94.06516,775.57960,93.94894,791.10831,1.87573,17.18348,2.16862,103.24940,10.95302,94.65414,0.59798,7.62611,67.76284,0.02062,145.51693,11.32793,0.35429,94.98585,4.32296,3.32921,59.20000,1.40000,41.45350,7.84126,11.57163,3.70974,1
11.36634,8.84574,13.56495,43.25348,-32.72300,-0.77584,53.42700,46.57300,48.51066,51.48934,49.44231,59.17256,10.09899,23.64676,60.37396,102.03033,2.52060,33.01379,61.30550,10.27525,39.39972,1.34944,12.87706,1.52115,185.22504,2.37622,53.83785,1.28881,71.81715,40.65942,0.98897,150.72578,6.49353,3.36867,83.43929,65.24333,0.67873,113.43196,0.00000,37.82129,1.79457,4.41367,1.63012,1
7.57898,2.24917,9.16326,151.07153,-57.78439,5.76856,50.11398,49.88602,38.66431,61.33569,54.66028,47.81963,26.57308,6.41540,71.06927,148.61944,5.32981,25.48087,64.88686,8.11940,30.80731,1.13148,12.23939,1.35028,77.20436,2.64703,49.46756,1.46016,46.76640,58.34834,1.58156,130.21473,8.14515,4.25428,84.79842,57.67325,1.20397,147.54706,0.00000,38.56110,3.12224,5.35103,0.64723,1
12.39855,6.90568,14.92250,72.20918,-26.54730,-5.57608,66.02563,33.97437,57.07273,42.92727,57.18749,66.77015,5.88118,13.80336,62.13713,93.06124,5.49287,33.27831,62.44555,9.48440,40.05270,1.36049,11.56290,1.63012,74.87120,3.03882,61.40689,1.12016,44.89082,50.42369,0.85409,133.09553,8.74618,4.91768,88.64666,66.33878,1.54473,99.01461,1.05202,61.24810,2.49530,4.94866,1.59927,0
14.95847,12.33147,17.94033,31.21682,-5.10931,2.13767,22.82946,77.17054,18.15990,81.84010,1.86246,83.20838,0.08384,12.21109,33.75104,40.56207,2.62700,56.53537,116.53681,0.68722,67.80526,1.40705,11.11513,1.59927,23.97167,2.53307,62.00483,1.40644,81.69821,42.13905,0.20704,195.75505,3.42593,0.74707,70.89548,30.26340,1.21033,167.33677,2.04467,69.44745,1.72150,4.08529,2.15674,0
61.08908,56.34119,166.29570,-9.46149,10.37591,10.37591,63.15700,36.84300,68.93694,31.06306,17.42259,36.73522,0.00000,44.70525,3.07089,8.35952,4.74789,93.88378,309.97324,57.58646,255.56888,0.84837,10.05120,0.97885,9.62614,5.70886,82.42728,1.18771,44.63576,38.41913,0.08370,253.25032,5.86041,0.12218,83.14860,4.39004,1.86732,132.45833,4.29167,67.90287,2.66089,6.92594,4.18135,1
19.56566,16.21425,70.32558,-3.31078,3.31111,3.31111,66.51704,33.48296,67.16482,32.83518,63.21798,27.77042,0.00000,28.52239,44.58866,160.56169,3.35141,25.04991,89.87649,11.36106,90.03784,0.45018,4.17378,0.34914,8.86434,2.39214,84.74625,0.33808,30.58987,39.15352,0.68065,135.76599,6.18155,3.69692,94.81448,76.98528,0.67531,92.12444,6.01778,57.11169,1.10519,2.82271,1.03687,1
9.48494,4.36685,11.48193,137.25128,-53.82320,3.13777,44.31018,55.68982,31.29197,68.70803,28.04403,62.72330,16.17663,7.25856,76.68579,122.26046,5.11809,18.95185,41.99007,5.16257,22.94202,0.29184,2.03095,0.38263,2.17943,2.38480,66.96523,0.56832,25.36299,62.92006,0.81158,118.41480,7.92309,4.93017,93.30714,68.75237,1.23577,129.07632,2.73777,53.98023,2.24074,3.56125,0.50893,0
14.93768,13.83451,18.28682,119.17575,-73.95444,-2.75713,78.96488,21.03512,61.16279,38.83721,56.57802,71.38585,7.10131,13.43808,44.11406,61.79664,1.10317,50.80099,64.43509,43.88060,62.19097,1.30780,13.71887,1.09930,40.03162,5.27241,85.74162,0.84633,25.05738,54.92690,0.13853,140.20031,8.81984,3.51699,91.24444,51.01116,1.17498,190.26886,1.72727,34.47220,3.37756,6.14918,2.63309,1
9.81863,1.26321,12.58074,138.21814,-102.38531,6.31735,69.10624,30.89376,55.53511,44.46489,56.01381,55.31609,12.70362,15.29653,60.96939,110.21999,8.55543,28.28416,51.34673,12.48240,36.24085,1.20068,10.05017,1.37231,68.50424,2.60746,55.86929,0.92212,32.78263,60.26985,1.44570,125.94203,8.07971,4.33476,89.75630,60.64645,1.31039,85.39929,0.48240,46.32281,2.81283,4.66706,0.40853,1
16.95133,16.43152,21.02368,33.31819,5.09557,7.70112,59.33594,40.66406,53.68807,46.31193,75.95694,20.14312,57.19651,11.81924,57.86199,287.25436,0.51981,40.40988,122.61579,23.80324,50.11788,0.92663,8.81558,1.08431,42.80016,4.11019,65.07338,2.20605,66.84804,52.24778,0.01092,155.62650,6.23224,2.12204,73.85666,39.13664,1.08767,266.42276,0.91870,32.84520,3.30010,6.31625,3.00523,1
9.26696,6.11257,10.92432,46.92797,-15.40295,-10.85469,57.88838,42.11162,53.53958,46.46042,52.85336,66.66282,9.15389,6.50771,76.97694,115.47208,3.15439,20.30274,44.78122,2.05599,23.93381,3.14953,3.71386,3.70974,2.05568,2.94707,72.70431,0.50375,23.36648,53.18565,0.91877,128.87494,7.96573,4.41598,94.05213,67.19525,1.12480,97.58217,0.85504,51.71652,2.15588,4.05351,0.97885,0
46.46494,43.19166,94.41945,-5.98139,18.61499,18.61499,68.16670,31.83330,70.94595,29.05405,66.54567,31.33319,17.87801,5.19731,40.86217,130.41177,3.27328,56.46104,225.66194,33.17994,114.73209,0.83000,3.53813,1.03687,4.62171,5.68005,70.05783,2.31647,60.91324,46.90512,0.18146,196.68487,6.44063,0.64945,73.54749,14.58658,1.88235,144.53333,5.46667,47.62557,3.80291,8.10766,4.12329,1
8.40387,3.96486,10.55455,200.72206,-105.08376,2.89881,62.44793,37.55207,45.57951,54.42049,46.30589,60.21462,16.91006,7.32528,64.74909,107.53050,4.43901,31.81104,56.88293,15.33229,39.95198,0.49992,6.08476,0.64723,9.59855,1.72907,29.68446,2.27255,50.74920,76.87773,2.21477,115.81387,7.59108,4.03879,76.96030,47.42150,1.85426,117.43566,2.02081,40.69572,4.47800,5.82484,-0.86794,0
8.86112,5.35438,9.94340,152.92954,-112.02937,-2.05981,42.17038,57.82962,28.61910,71.38090,46.47108,33.91399,47.41889,16.30021,61.91884,182.57613,3.50675,36.17175,99.70656,5.89792,40.58966,1.81152,12.36426,2.15674,15.93318,2.12134,78.05554,0.13301,5.81018,84.23241,0.70139,108.80123,5.16439,2.57966,97.48919,52.98272,1.36805,108.24851,2.22830,58.53049,2.28921,2.71773,-0.27287,0
9.10068,5.95904,11.11026,214.18890,-159.04772,1.35228,68.15023,31.84977,48.65760,51.34240,63.63850,48.02323,30.65332,10.31316,71.48897,148.86332,3.14164,23.23990,46.55188,10.45879,28.37166,0.53925,5.35083,0.61000,5.79656,3.22760,70.40362,0.46977,15.25560,67.17005,1.16475,123.04391,7.56658,3.45193,94.15438,52.85218,1.16301,102.21703,0.18115,37.70092,3.07936,4.58442,0.34032,1
18.32202,18.28835,22.72068,2.72280,1.56900,1.56900,22.50143,77.49857,22.00256,77.99744,0.03450,32.04100,48.59925,0.00000,79.58441,248.38301,0.03367,14.35653,84.68111,1.25226,17.80318,2.18212,14.10604,2.63309,507.38601,2.45489,95.98690,0.10264,34.26540,11.71181,0.60486,459.55493,2.78336,0.32846,96.44364,52.30347,0.14499,224.40741,1.48148,48.08660,0.29953,2.55753,1.65314,1
79.14486,78.10221,459.51388,-121.58843,121.91483,10.57697,3.50569,96.49431,99.73669,0.26331,99.99879,17.22361,0.00000,1.80995,0.00000,0.00000,1.04265,97.24416,555.05523,1.90506,564.59815,0.99242,10.93251,1.03499,41.99356,10.54967,56.80756,8.02122,88.13316,49.00816,0.26248,192.22586,11.71630,1.16663,59.36053,11.36189,3.16077,271.80357,3.46429,34.28630,9.10125,18.57089,9.20716,0
9.67948,8.96245,10.95138,223.00682,-218.71326,-0.40655,32.94765,67.05235,11.36174,88.63826,5.95538,17.47977,70.90618,0.63076,53.54616,306.33225,0.71703,45.67817,92.28922,8.19135,51.68035,2.44289,14.24228,3.00523,53.69556,1.95464,143.72316,-0.59464,-69.48838,62.92154,0.13763,142.91271,2.27400,0.31937,135.40828,27.17785,0.27781,249.88889,1.36508,32.28713,0.85573,1.36000,0.36664,1
4.19896,1.83090,4.68101,338.70432,-232.04591,8.82864,50.93223,49.06777,36.71018,63.28982,37.77043,78.96309,9.76685,4.94769,67.97079,86.07920,2.36805,29.28266,57.60782,16.09514,32.64439,-1.01256,-11.72595,-0.86794,-50.81421,2.36708,87.77175,-0.34648,-20.86905,61.56195,0.80617,117.42387,7.33253,4.28919,104.95955,72.09413,0.78460,163.66840,0.00000,47.25842,1.66024,2.69686,0.23045,1
10.52613,3.43319,14.28231,178.12701,-141.75237,-2.58223,75.08014,24.91986,56.33027,43.66973,59.45424,56.65148,6.57948,17.17196,66.75302,117.83104,7.09293,20.90474,40.06853,8.79539,28.36447,-0.33007,-2.82237,-0.27287,-4.05143,3.56262,63.49357,1.00660,31.52592,56.90456,1.36492,132.45419,8.86225,4.25785,89.80027,57.14648,1.23211,81.56432,1.10988,38.06387,3.19291,5.61100,1.05316,1
82.79043,82.04209,536.55461,0.74045,-0.60451,-0.60451,84.46300,15.53700,83.84998,16.15002,97.70355,0.05429,15.37572,60.72440,13.88550,25578.07933,0.74834,84.94422,43449.68116,83.46862,550.51305,0.26251,2.88199,0.34032,3.28529,7.73433,95.07516,0.40063,10.08905,48.81372,0.14699,203.33568,7.79292,0.05859,95.11038,1.45409,1.69241,392.97368,0.31579,42.58519,3.97098,8.13496,4.01699,1
21.98529,15.21144,29.93889,-87.32419,87.29982,0.75538,53.79375,46.20625,72.99223,27.00777,41.07877,36.61365,19.03369,27.96885,27.48370,75.06409,6.77385,37.46223,111.38461,3.36925,51.01492,0.34357,2.82521,0.36664,2.89577,12.73813,121.30191,-5.17355,-46.55239,105.83002,3.51282,95.89464,19.47405,3.79932,136.17742,25.47707,5.43155,230.42727,1.63636,48.52686,11.11340,10.50118,-4.12504,1
15.57140,9.63350,19.11592,37.30105,8.16384,7.79134,50.22586,49.77414,44.41758,55.58242,31.01991,63.83447,11.44909,5.33174,67.03140,105.00816,5.93790,25.31983,67.17203,11.37905,31.08339,0.87710,8.02108,1.05316,23.52573,3.72872,81.28896,0.54716,14.23122,83.81980,0.35956,109.38255,8.10530,4.06546,93.67620,51.39468,1.98927,95.80952,3.07937,50.07607,3.84481,4.58700,0.38263,0
12.76591,7.61118,15.14197,65.72386,4.02591,0.04954,74.96580,25.03420,66.57556,33.42444,61.60023,77.01524,3.86766,11.89048,68.11351,88.44160,5.15473,29.61574,59.50766,13.64053,35.12800,3.36195,3.90707,4.01699,4.09417,2.44973,60.99636,0.85735,30.47781,70.04249,0.86232,114.28472,8.76842,5.60959,91.09317,66.60144,1.50397,132.19335,2.24018,52.55830,2.81304,4.01618,0.34083,0
10.41652,6.75474,12.11842,7.93526,-2.61448,2.25288,66.46229,33.53771,65.63571,34.36429,64.67141,61.57189,6.45295,21.42041,61.68528,100.18417,3.66178,31.60327,51.21305,15.74332,36.76675,1.43959,11.95645,1.69412,81.10731,3.17917,72.95967,0.88741,51.60077,39.46709,0.46906,147.69115,7.28104,3.81101,89.13617,68.90567,0.69068,81.39868,1.01125,39.66244,1.71975,4.35744,2.16862,1
12.18084,7.26974,15.21632,43.13500,-25.10574,5.45186,56.79424,43.20576,51.54003,48.45997,47.14062,55.39746,13.14676,17.61603,62.56912,112.94583,4.91110,23.36548,46.01752,9.10453,29.18820,3.42858,5.63192,4.18135,7.28488,3.01974,63.95045,1.08858,47.06072,48.98645,0.87213,143.56967,6.84903,3.21561,86.28579,58.16163,0.88632,114.47801,1.97136,37.65711,2.31314,4.72200,1.53673,1
10.34699,5.51851,12.01356,15.12077,-7.25631,1.54333,63.95195,36.04805,62.38740,37.61260,65.26834,65.06493,10.79299,14.99772,67.51474,103.76518,4.82848,19.87787,37.59408,6.24304,23.07955,3.85322,7.16339,4.12329,12.41667,2.56663,63.01616,1.05649,56.85165,45.62594,0.69349,136.20673,7.27479,4.25831,87.31899,69.61849,0.84513,92.75900,3.86360,43.58354,1.85833,4.07296,1.52115,1
11.61877,5.18305,14.42620,67.98070,-51.42256,-7.29622,61.20001,38.79999,53.30149,46.69851,47.61304,55.78260,10.30348,16.69980,64.53479,115.68982,6.43572,27.42759,53.07493,12.65531,34.05488,1.79189,6.82025,1.65314,7.46114,2.74561,62.20703,1.15470,50.31633,51.99483,0.74648,135.31501,6.96378,3.70481,85.77689,61.75000,0.95739,104.92881,2.06022,40.89941,2.29488,4.41367,1.37231,1
9.16524,4.09590,11.04767,21.90682,2.21490,10.74662,63.93186,36.06814,61.92404,38.07596,69.56764,60.08432,10.14282,13.84945,67.65925,112.60717,5.06934,24.25755,44.37405,8.38705,29.23974,8.20810,9.76990,9.20716,35.50300,2.43578,58.49901,1.16485,59.02900,47.39305,0.84017,134.09424,7.45027,4.45132,86.47903,69.28485,0.76921,91.31986,1.73913,38.23737,1.97335,4.16379,1.35028,1
10.47514,3.91737,13.39080,66.78626,-35.22515,3.29880,60.22786,39.77214,53.23191,46.76809,52.94394,57.58916,10.71643,14.45867,67.51353,117.23306,6.55777,24.11205,46.51504,10.78204,30.82341,-2.15618,-12.72342,-4.12504,-10.38664,2.35015,55.37118,1.13947,52.20004,51.43038,1.14421,134.25806,6.93947,3.83458,85.89581,63.72414,0.82426,99.46980,1.09490,37.34445,2.18289,4.24436,0.91725,1
85.10007,69.82169,740.39892,0.03635,-0.03635,-0.03635,99.86718,0.13282,99.83624,0.16376,98.57527,11.49381,0.00000,0.00000,0.00000,0.00000,15.27838,95.03275,812.03358,94.89993,826.81653,1.99102,18.80893,2.39521,128.94941,10.98435,92.28065,0.89884,10.86670,69.48945,0.02001,142.17198,11.34461,0.34025,92.65864,3.95098,3.61354,68.48276,6.41379,39.59525,8.27147,11.90320,3.61172,1
7.44030,2.63977,9.22130,17.34140,58.57752,0.22065,41.07028,58.92972,39.78003,60.21997,52.12222,54.10736,18.22115,14.51977,64.20190,118.65649,4.80053,31.89425,78.03336,5.75075,39.52882,1.36694,15.01429,1.59759,108.12168,0.85386,22.95986,1.62029,71.52383,60.91486,1.44178,122.16660,6.39064,4.29200,79.77405,65.45298,0.89909,159.51832,0.00000,39.68830,2.26538,3.71893,0.01176,1
12.20689,7.05685,14.64007,47.60437,-1.67951,-7.37871,70.99563,29.00437,65.18462,34.81538,63.26348,73.87370,5.36764,7.22677,70.61790,95.59275,5.15004,24.34707,40.91551,5.84323,29.20013,1.79062,15.79496,2.10229,113.21780,3.07541,58.98350,1.41558,58.82987,46.14923,0.98972,136.72265,9.03815,5.23971,86.45859,68.52930,1.53661,107.27130,1.00897,63.25899,2.40623,5.21402,1.81807,0
13.23097,10.76497,15.62486,9.37986,-1.91227,-0.06383,18.15225,81.84775,16.91120,83.08880,2.52539,84.52781,0.07898,19.65773,29.47224,34.86692,2.46601,59.90850,120.77648,0.31961,70.74780,1.49761,12.17900,1.81807,29.23000,2.89951,71.64710,1.02407,66.19948,38.22498,0.88076,209.34782,3.76221,0.73934,78.60409,32.33804,1.09380,183.92708,2.34722,69.80485,1.54694,4.04694,1.61923,0
45.61061,42.65108,87.07541,-12.62481,12.63814,12.63814,60.71328,39.28672,66.47153,33.52847,36.27259,52.38058,0.00000,44.20203,1.51369,2.88979,2.95952,96.59325,190.28591,57.54354,184.40660,0.86451,9.87681,1.04536,12.20992,5.22112,58.82353,3.63445,193.71897,21.13750,0.28149,454.42210,5.34029,0.09883,59.50359,5.00433,1.16321,122.40000,3.90000,60.02431,1.87615,8.87591,6.71828,1
22.68211,19.22107,149.44471,-34.05381,34.05381,34.05381,61.40877,38.59123,69.13289,30.86711,94.45803,15.12774,0.00000,30.01153,41.13612,271.92501,3.46104,26.92013,270.53169,15.26477,177.36757,0.51910,4.94864,0.58615,10.81123,3.85179,73.26114,1.31971,100.96392,24.86123,0.17922,143.04201,11.80908,7.87116,89.94797,85.75865,0.77572,98.61472,0.00000,59.34610,1.30711,5.25762,3.77129,1
7.96231,3.45188,10.01055,114.77871,-27.56751,-10.86075,42.43580,57.56420,33.29676,66.70324,34.34394,60.56016,16.08206,7.16429,77.86765,128.57900,4.51043,16.02546,34.94481,4.23643,20.14788,0.38348,2.71946,0.36077,2.98286,2.20153,71.37979,0.40399,20.73229,63.17933,0.50644,114.93366,8.33620,5.65595,95.37779,74.37583,1.03343,142.65895,4.03722,51.53340,1.94860,3.08424,0.62920,0
15.90258,14.59545,20.17393,95.25223,-33.60047,-1.37916,80.74689,19.25311,65.59933,34.40067,58.30144,72.92521,3.84821,11.81460,46.35062,63.55912,1.30713,52.21251,66.61155,41.16905,66.23650,1.24176,12.76045,1.48251,42.72379,3.73956,50.73587,3.45412,89.90053,52.12780,0.32124,144.99294,7.91669,4.00017,69.62294,51.00742,1.21474,212.64530,8.05769,30.41818,3.84216,7.37065,3.20725,1
15.28701,15.02887,18.52222,14.85511,28.84182,11.41224,65.12968,34.87032,62.85878,37.14122,47.23145,27.11485,27.38559,34.78465,41.49620,153.03867,0.25814,56.69742,98.97590,38.17194,68.69638,1.23959,11.92131,1.44162,67.46631,3.99269,71.44753,1.59559,54.49369,52.39592,0.15544,152.92642,6.09097,2.09828,79.24181,41.74600,1.04950,292.38843,0.00000,35.84317,2.92803,5.58828,2.50481,1
8.37929,5.70232,10.05041,-0.02962,29.18233,-9.72876,59.01665,40.98335,59.01913,40.98087,60.48338,62.50364,9.98254,8.99672,74.32530,118.91356,2.67697,23.74774,48.27234,5.32838,28.48387,3.05616,3.60225,3.61172,2.06818,2.48770,59.24181,0.88649,46.68464,45.21991,1.25499,133.03505,8.37721,5.06446,90.43049,72.73021,0.98753,102.16129,1.03427,51.47927,1.89889,4.19924,1.04536,0
7.23445,5.13719,7.93724,27.10801,14.02927,-3.95067,39.16816,60.83184,37.20704,62.79296,63.14897,41.17288,45.89878,20.97062,61.71300,149.88748,2.09726,34.67512,72.02159,8.07738,38.04366,1.38949,9.91438,1.61923,13.99932,2.27905,76.97170,0.37327,17.15922,73.46805,0.53264,115.17646,5.58864,3.00101,93.73914,57.97577,1.24768,126.73795,1.46477,56.69357,2.17531,2.96089,0.25294,0
10.17541,6.24552,12.84232,148.11247,-94.97393,1.59065,67.20391,32.79609,52.13286,47.86714,68.91048,50.75161,27.73072,10.02451,70.07162,138.06779,3.92989,24.12008,47.36243,10.13166,30.44181,0.58757,6.80959,0.66583,7.96367,3.41819,60.28716,1.19755,39.39484,53.61440,1.18776,137.46196,8.45289,3.98058,87.59075,56.69991,1.16868,109.89572,0.20836,38.37228,3.03986,5.66985,1.44223,1
14.88990,14.87574,17.70974,-1.83499,7.26554,7.26554,18.06600,81.93400,18.33923,81.66077,5.33538,29.17098,54.90645,0.00000,80.35087,275.44799,0.01416,16.72605,68.29024,0.04466,19.89363,2.38462,15.46960,3.20725,585.13317,2.29565,85.80638,0.37973,126.75772,11.19744,0.22782,524.76773,2.55540,0.25975,87.06245,46.43949,0.12508,249.82759,2.17241,41.39004,0.29957,2.67538,2.14799,1
92.71316,91.83640,2732.39521,-97.87770,97.71411,177.91061,9.24482,90.75518,99.99034,0.00966,100.00000,3.39311,0.00000,4.43839,0.00000,0.00000,0.87676,96.87877,2803.73261,7.91980,2855.16191,1.50420,14.96768,1.59720,42.49815,6.52872,34.45062,12.42223,128.98672,50.81870,0.25705,187.18682,7.58815,1.05943,37.92108,9.91046,3.00371,238.71429,3.55357,30.72490,9.63062,18.95095,9.06327,0
6.78788,6.46835,7.35233,255.17852,-265.97356,0.28115,27.11832,72.88168,9.79709,90.20291,6.85466,35.41366,56.90924,1.39404,60.34361,170.39643,0.31953,39.09318,75.56493,3.00440,42.34397,2.16905,13.49546,2.50481,51.28519,2.27164,166.32955,-0.90590,-126.88959,52.27344,0.05127,153.78230,2.76969,0.49805,148.60488,41.09390,0.23427,290.75714,1.65714,32.62769,0.71392,1.36575,0.60056,1
8.99503,6.49020,10.45841,147.24835,-95.70432,6.09252,53.44988,46.55012,40.20484,59.79516,36.82970,76.42534,8.97684,4.59670,69.09324,90.40619,2.50483,27.64066,53.50437,17.04204,32.13745,-1.27318,-14.44702,-1.44594,-54.66863,2.27490,59.97960,0.78542,45.77567,45.23842,1.38555,135.15046,7.20042,4.19306,90.16488,70.96229,0.74963,170.70077,2.06782,43.16094,1.71580,3.79278,0.69144,0
9.97638,3.32314,13.40816,170.71438,-136.28692,-17.47649,70.11282,29.88718,53.08171,46.91829,58.48648,53.13998,10.59860,18.90728,61.96883,116.61434,6.65324,24.40601,47.31519,10.09490,32.80144,0.18424,2.31385,0.25294,3.26190,3.08064,55.83580,1.07992,39.14138,50.00640,1.29646,139.90053,8.59135,4.15395,88.83377,60.08925,1.13692,92.68364,1.27588,40.64005,2.75901,5.51732,1.46185,1
64.49493,64.00258,186.80254,0.96869,0.44507,0.44507,66.08499,33.91501,65.46023,34.53977,27.82609,0.00961,34.51611,11.49871,62.18917,646933.91304,0.49235,36.98989,5049.78889,31.79390,107.13718,1.15465,11.97712,1.44223,16.38316,6.98708,92.55462,0.56206,18.42242,40.41479,0.18365,244.79604,7.04267,0.05559,92.60904,1.78937,1.24416,437.76471,0.85294,40.69975,3.05097,7.54914,4.31452,1
22.06189,21.20710,31.10189,0.74284,-0.74284,-0.74284,46.27910,53.72090,46.11522,53.88478,3.17575,40.99501,29.93924,34.53550,4.75844,11.60737,0.85479,52.50128,370.72579,3.57419,74.01402,0.57453,7.24560,0.60056,7.81429,2.42869,26.39299,6.77334,79.43616,92.66184,0.15368,106.49784,4.29399,1.86529,38.79877,17.94922,5.64553,255.44615,2.76923,65.49167,8.52677,9.20203,0.52158,1
10.63356,0.64305,12.60584,144.28822,-101.79040,-9.89106,80.02069,19.97931,64.67771,35.32229,64.64936,67.74583,10.21839,11.27568,73.91615,109.10805,9.99052,13.36437,24.99561,9.52715,15.84315,0.56950,8.36500,0.69144,6.09193,2.48542,38.06185,1.97475,53.02823,57.02886,2.21984,128.97083,10.51682,5.96162,84.19136,61.55155,1.46521,96.64830,0.00000,39.34564,3.72395,6.52994,0.58615,1
12.91890,8.57531,15.27381,57.76366,-8.53274,1.07076,51.48061,48.51939,44.01818,55.98182,30.32408,72.82197,5.09265,3.52853,68.28815,93.77410,4.34360,27.09703,43.07717,4.07436,32.03638,1.28549,12.56818,1.46185,38.20349,2.97500,69.83989,0.75906,24.10389,73.92752,0.74985,117.74868,6.60905,3.10836,89.69801,49.67428,1.52170,102.03556,0.04444,48.30039,3.14913,4.25975,0.36077,0
13.13572,8.52092,15.67020,62.55779,-3.79143,-0.18849,75.83625,24.16375,67.61884,32.38116,63.46155,70.67208,6.66772,13.21597,63.05594,89.22327,4.61480,33.53182,60.20844,18.91035,40.00166,3.92426,5.43067,4.31452,5.96417,2.43351,52.39649,1.33737,40.73864,70.68288,1.05863,114.33833,9.52054,6.21349,87.68296,65.43062,1.41839,134.26809,3.13158,42.19889,3.28281,4.64442,0.30298,0
9.78259,6.36623,12.02335,165.75959,-128.48496,-7.10823,70.86879,29.13121,54.65322,45.34678,58.59685,62.50381,16.10370,7.44182,70.69569,113.10621,3.41635,25.85481,42.54193,11.59412,31.77702,0.23765,1.83516,0.30298,2.11585,2.96605,51.10194,1.49289,50.89288,50.53922,1.38829,137.46272,9.04098,4.72968,85.82774,61.72045,1.23050,101.76846,1.48454,41.33626,2.93339,5.80418,1.48251,1
10.72850,6.61434,12.54732,-23.52526,26.25256,0.14401,65.91244,34.08756,68.43635,31.56365,67.19495,62.33734,6.37764,19.30511,65.02757,104.31560,4.11416,28.89790,46.06850,14.85362,33.79700,1.88322,15.24516,2.21479,120.72736,3.26981,67.94514,0.91366,61.63933,30.80094,0.93494,163.89777,7.62818,3.72942,89.30368,71.55870,0.64469,92.20272,0.78509,43.12300,1.48227,4.81243,2.39521,1
12.50692,7.33340,15.60619,66.12671,-48.39807,3.54943,59.70492,40.29508,51.43451,48.56549,47.31402,56.74064,14.17758,16.76843,65.47411,115.39192,5.17352,21.07113,39.59842,9.97730,26.29266,6.54681,12.66505,6.71828,14.18400,3.07232,58.87392,1.31323,60.98885,41.26183,0.99061,154.65352,7.36049,3.45525,84.85962,61.60752,0.88093,127.13759,1.88313,40.30595,2.15324,5.21847,2.07463,1
11.53979,5.04957,14.30983,58.24485,-41.93608,-11.32216,60.03292,39.96708,53.31159,46.68841,50.04769,56.91439,9.91082,17.09396,65.54565,115.16535,6.49023,26.49574,47.41825,13.09586,32.85583,1.94094,11.88697,2.14799,14.29758,2.83773,59.51926,1.29009,61.79203,43.79003,0.83358,146.40600,7.16487,3.68721,84.74158,63.84769,0.97267,122.43816,2.96974,45.45809,2.08780,4.76775,1.84637,1
9.05181,3.71554,10.95358,15.72003,9.18782,9.85611,62.54369,37.45631,61.12075,38.87925,69.53676,58.26594,11.38317,12.99086,69.49865,119.27835,5.33627,22.43619,42.37817,8.71069,27.14999,6.82963,7.97280,9.06327,31.64200,2.36706,53.08513,1.18118,65.46090,40.46675,1.05698,142.02301,7.79036,4.51256,86.83414,71.43555,0.71344,97.10849,1.76036,38.82213,1.80441,4.45898,1.59759,1
95.69348,79.50933,44100.90090,0.03881,-0.03881,-0.03881,99.83188,0.16812,99.79474,0.20526,5.40541,0.21699,0.00000,0.00000,0.00000,0.00000,16.18415,94.84312,20300.00000,94.67501,43709.00901,2.00499,18.59682,2.36871,141.78788,13.17760,94.65038,0.73502,8.37976,63.00197,0.00977,156.89916,13.46887,0.28150,94.82521,3.10948,3.88427,68.51724,6.62069,40.00446,8.77138,13.92239,5.14124,1
12.79132,8.79951,15.80858,69.62921,-53.32142,3.20905,58.34221,41.65779,49.43572,50.56428,50.18482,58.50835,9.38889,21.86557,60.28176,103.03103,3.99181,29.78069,56.52840,12.34958,36.80548,1.38805,15.95703,1.54235,298.03696,2.84760,63.70584,1.13323,76.82665,32.99942,0.73196,154.99116,7.30774,3.97105,86.57465,72.91551,0.59129,134.58996,0.67293,39.88546,1.47505,4.46992,2.26291,1
15.50990,10.89931,18.72064,10.48875,0.31029,2.77126,19.15549,80.84451,17.52870,82.47130,0.77563,72.97606,9.87316,14.76925,39.18265,53.69247,4.61059,48.99919,98.85263,0.53028,59.14261,1.13371,9.48436,1.32396,26.04267,2.89248,63.42446,1.25567,77.29262,35.62245,0.98520,207.56436,4.40975,1.10491,77.83626,40.48070,1.16421,227.61776,4.13127,70.36249,1.62456,4.56051,1.95074,1
28.87261,27.12598,41.28162,-13.83942,14.28097,14.28097,50.77204,49.22796,54.76784,45.23216,35.58288,69.94059,0.00000,37.20619,0.78528,1.12278,1.74663,98.12855,141.95123,49.07706,140.30272,0.94060,12.12595,0.99614,17.74425,4.28455,52.93744,3.77104,284.78634,16.36062,0.22436,513.87430,4.63404,0.31146,55.13376,19.04244,0.87603,177.42000,14.18000,60.86957,1.32417,8.09361,6.54508,1
24.46158,20.72469,685.76441,-1.61177,1.61177,1.61177,62.39810,37.60190,62.79236,37.20764,71.82846,3.51478,0.00000,33.06146,39.43131,1121.87175,3.73689,25.10653,1099.59509,20.36532,703.84501,0.41653,4.38098,0.44511,9.92142,4.17072,80.08313,1.00615,54.23486,35.62156,0.07571,147.45410,9.41207,5.21023,90.34243,73.74293,0.96841,113.12889,5.48889,49.66777,1.85517,5.20799,3.27711,1
8.99891,4.54740,11.33264,157.60730,-94.18972,2.26417,46.54554,53.45446,32.36260,67.63740,39.38775,53.12043,25.09566,5.05460,78.90931,148.54794,4.45152,15.47007,39.06868,7.56009,19.48200,0.30454,2.37488,0.33595,2.67714,2.27468,75.51096,0.37721,21.04189,59.50997,0.49086,115.71801,8.60248,5.96731,95.79929,76.89855,0.89669,154.09918,4.40900,48.58861,1.79267,3.01238,0.72886,0
16.78916,15.32316,21.07749,31.92606,33.40478,5.73479,75.20989,24.79011,69.84978,30.15022,62.61877,79.57180,0.08264,17.93878,52.83607,66.40049,1.46600,45.21360,60.34628,31.65372,56.76218,1.29176,12.70984,1.53097,48.48684,7.91319,101.99159,-0.19451,-5.21920,48.03541,0.12732,144.88331,13.20904,5.25585,101.49460,58.51043,1.20230,242.21140,0.00000,32.26005,3.72691,7.75867,3.90445,1
10.58495,0.91427,13.54837,87.61045,-57.32992,11.78846,64.21951,35.78049,54.94599,45.05401,55.78145,62.16181,11.46984,10.57470,62.87185,101.14225,9.67068,24.13195,41.88818,8.54172,30.88805,1.57510,13.42851,1.80725,117.95344,2.87237,57.91060,0.94639,40.29209,47.35508,1.55819,136.85484,8.74988,4.73626,90.23967,66.84839,1.04645,103.34625,0.33434,44.40826,2.34882,4.96001,1.05301,1
16.72402,16.54394,20.95673,157.64251,-130.40649,-0.50734,63.62040,36.37960,37.25623,62.74377,63.68104,30.74818,49.05444,14.48131,56.40644,183.44643,0.18009,42.18112,93.03175,24.92362,52.85682,1.31271,12.85773,1.50210,83.13868,6.37899,104.51808,-0.27575,-7.24935,62.32400,0.00174,141.08994,8.17136,1.79237,103.49244,32.02862,1.33604,341.52101,0.00000,35.12406,3.80378,6.10324,2.29771,1
35.79332,33.79902,59.00314,-8.85506,19.77547,19.77547,59.93571,40.06429,63.10522,36.89478,62.68514,39.02393,21.63947,0.00000,27.80181,71.24298,1.99430,71.00865,180.57616,34.90323,117.05352,2.41628,10.27219,3.27711,14.59952,5.62510,77.55768,1.62769,60.18726,37.28749,0.00000,206.66064,7.18508,1.55999,81.53029,36.58190,1.57155,158.61111,7.61111,55.32261,2.70438,7.25279,4.54841,1
10.41533,5.82606,13.51861,230.02195,-185.92798,4.71293,62.96691,37.03309,39.00936,60.99064,29.33943,66.46811,10.57632,9.37471,61.76974,92.93139,4.58927,33.90927,54.25259,16.05886,44.01262,0.36852,4.63986,0.41785,6.73092,4.25742,69.10952,0.59042,14.46916,66.23826,1.39837,127.13610,9.15397,3.58400,93.94093,46.76081,1.78564,177.46852,2.37732,43.17385,4.08053,6.16039,0.68148,1
8.48636,6.83451,9.51305,97.74980,-82.20323,0.27050,39.42089,60.57911,31.12549,68.87451,44.77912,26.06358,54.22117,19.25783,59.20706,227.16392,1.65185,35.32632,82.51424,7.83458,39.60017,1.62049,11.25668,1.95074,18.24273,2.65515,91.79030,0.15888,9.88119,55.58485,0.72949,127.95763,5.72130,2.98754,97.29810,65.01147,0.90802,144.47654,2.41605,55.52934,1.60786,2.89263,0.55528,0
10.90869,6.51841,13.83074,160.97954,-142.78437,-0.13866,68.59629,31.40371,51.03553,48.96447,66.60537,52.35386,26.40644,7.41552,72.74063,138.94033,4.39028,22.14484,41.15454,6.92389,28.07665,0.71963,8.43352,0.83100,9.26987,4.13135,68.02456,0.98614,34.56691,46.97357,1.20879,145.11205,9.37314,4.28596,90.48057,60.03741,1.15207,123.45289,0.00000,40.38310,2.85286,6.07332,2.01168,1
9.15425,9.15035,10.19513,11.45440,4.60664,4.60664,11.15627,88.84373,10.10771,89.89229,0.03578,50.36318,39.42729,0.00000,79.45105,157.75622,0.00391,18.22258,29.57560,0.12261,20.29455,3.20890,19.62204,3.90445,792.59029,1.87529,97.39164,0.05022,24.28754,10.73949,0.35753,620.81104,1.99851,0.12322,97.54852,37.33795,0.07367,260.03333,1.70000,35.39459,0.20679,1.92552,1.36120,1
86.91248,86.07472,889.45348,-98.49267,98.63178,16.61303,14.23409,85.76591,99.83651,0.16349,100.00000,9.77145,0.00000,30.73027,0.00000,0.00000,0.83776,97.98637,981.03452,12.86289,1002.78255,1.67684,16.08407,1.83981,56.68683,16.59501,87.23599,2.42811,22.33622,57.14491,0.16427,158.73983,19.60306,3.00804,88.97873,21.67366,3.54539,302.51667,3.63333,32.22230,10.87075,19.02313,7.98811,1
6.89126,6.71236,7.53709,321.03501,-300.68414,-481.29611,32.65561,67.34439,10.53227,89.46773,10.88618,27.51210,63.91916,0.20820,68.89002,250.39898,0.17889,30.75558,72.12357,5.00365,33.63793,1.74781,10.94528,2.29771,41.51333,3.14704,168.79675,-1.28264,-192.90030,35.66441,0.13800,178.31542,4.01370,0.86666,146.96507,56.58589,0.25329,352.12857,1.21429,37.96189,0.66493,1.86440,1.06147,1
11.35237,7.00030,13.99514,97.23589,-64.80348,5.48541,56.44922,43.55078,45.41064,54.58936,43.04341,72.22727,8.88922,8.77792,68.36409,94.65136,4.35207,27.85179,48.71154,15.23124,34.33555,1.26022,12.75218,0.68148,47.33125,3.17610,70.45459,0.40320,18.09166,49.43770,1.06757,126.50541,10.47572,6.37092,96.29375,74.08412,0.92879,259.46835,0.24051,41.63628,2.22865,4.50801,1.21179,1
58.97703,58.64691,151.08012,0.45789,1.12453,1.12453,60.82333,39.17667,60.55327,39.44673,0.45872,0.15371,38.88321,0.69163,76.47279,49751.05505,0.33013,22.84778,330.80967,16.12900,58.52865,1.64523,15.58943,2.01168,24.20216,7.85815,93.52881,0.54370,21.62973,29.91801,0.15822,320.57316,8.01398,0.15583,93.64665,5.83730,1.08853,441.08571,0.94286,43.21178,2.51367,8.40185,5.72996,1
13.77327,13.17124,16.62368,80.53017,-80.54535,4.90086,28.25418,71.74582,17.16254,82.83746,0.12729,77.86774,4.98561,21.37883,49.42808,63.47697,0.60203,23.39654,1452.12200,1.14948,28.23849,0.87816,12.83389,1.06147,15.32594,1.75674,30.99886,3.91037,77.36224,89.19228,0.00606,111.03160,2.25421,0.49747,36.56716,8.96011,3.16761,322.29787,4.06383,61.87738,5.05462,5.66710,0.60642,1
8.65218,0.85239,10.04305,183.11204,-132.95583,2.20102,74.48502,25.51498,58.64184,41.35816,62.56770,62.93211,7.54123,9.16591,65.94875,104.79349,7.79979,23.58930,37.88027,15.98635,27.38138,0.89818,8.90319,1.21179,9.74726,2.65172,51.88477,1.10664,34.99872,61.86825,1.50372,123.87706,9.00412,4.99998,89.05481,61.25980,1.18888,103.77945,1.44834,37.07488,3.16195,5.11078,0.44511,0
12.73129,6.73597,14.93766,165.42041,-82.66512,-12.40746,65.95863,34.04137,44.89847,55.10153,32.94957,75.22666,5.87358,0.61011,77.94819,103.61777,5.99532,17.69319,27.22868,1.96979,20.75948,1.41049,14.39243,1.62801,47.86391,3.73869,89.93511,0.04840,1.40527,82.85548,0.37676,109.42892,8.22313,4.11443,99.41483,54.43225,1.65258,112.66957,1.43043,47.36998,3.44438,4.15710,0.33595,0
14.71424,6.85754,17.81447,52.22855,-0.12978,-0.56778,77.42072,22.57928,69.73569,30.26431,61.33657,71.72218,2.66146,17.44891,59.86076,83.46199,7.85670,36.05864,58.99713,19.77184,43.65605,4.95144,8.05088,5.72996,9.46538,1.16508,23.63948,1.91858,47.36669,82.18465,2.05433,107.12309,11.28602,8.27608,85.47036,67.14020,1.98190,184.74570,1.64436,48.49445,4.05049,4.92852,-1.17630,0
10.82491,7.04070,12.68840,25.95188,-19.78453,1.44427,66.50845,33.49155,63.69918,36.30082,60.78928,61.34005,6.69272,16.58365,68.67961,111.96537,3.78421,26.01904,42.11870,11.99758,30.49816,2.08206,16.50552,2.50631,151.04571,3.63231,78.99834,0.70593,47.23318,32.50478,0.73469,153.79748,8.16614,4.27411,92.04328,74.09187,0.59515,105.26098,3.70172,38.42075,1.49455,4.59795,2.36871,1
12.70821,7.53861,16.02750,71.15051,-54.56490,5.78751,61.75835,38.24165,52.71640,47.28360,49.26693,55.68820,12.54636,15.65911,64.47081,115.77104,5.16960,22.48419,40.80504,9.91415,28.35689,6.87419,19.87012,6.54508,26.44450,3.95486,74.68919,0.84647,42.23913,37.84633,0.97171,157.37071,8.18116,3.73254,90.62355,65.06608,0.84878,146.44536,2.34435,41.67613,2.00400,5.29509,2.31938,1
8.31069,4.14644,9.80052,12.16659,-3.77246,-0.64685,66.48862,33.51138,65.47749,34.52251,61.68796,63.28039,5.57330,16.13379,66.63306,105.29812,4.16425,23.33811,39.84153,11.89345,27.52188,3.57260,10.71536,4.54841,22.05667,2.18755,62.24325,0.95989,64.37970,42.42337,0.48119,131.13410,7.56311,5.00847,88.73766,77.05990,0.68029,116.36653,5.32245,43.53988,1.49098,3.51453,1.54235,1
8.59581,3.73870,10.32103,29.46323,-7.69005,3.46646,63.50009,36.49991,60.96749,39.03251,66.67603,57.38853,10.46215,11.92016,67.99366,118.47954,4.85710,21.31459,38.54810,7.46427,25.59255,6.73807,7.51932,7.98811,32.24200,2.37546,54.08667,1.20558,73.78801,37.20089,1.03024,143.27839,7.92548,4.73910,86.79690,74.36278,0.66998,112.61657,2.73535,40.01056,1.63385,4.39196,1.72787,1
94.91269,91.09900,36035.61644,0.04562,-0.04520,-0.04520,99.79073,0.20927,99.74744,0.25256,4.10959,0.26339,0.00000,95.25545,0.00000,0.00000,3.81368,95.25545,8110.90630,95.04618,36165.75342,1.63901,15.24920,1.86793,130.50718,17.30228,122.27180,0.60254,10.05418,42.35084,0.00000,299.27754,17.33295,0.00000,96.64051,0.00000,4.08428,80.85714,5.92857,63.15473,5.99293,14.15067,8.12707,1
13.37102,10.28209,17.29312,59.94844,-51.37918,4.62655,54.83972,45.16028,46.82400,53.17600,43.24028,57.49903,12.12517,38.47870,56.50206,98.26610,3.08893,14.85009,29.68651,1.58382,19.20605,0.73761,9.27174,0.71820,201.74360,2.47086,48.92216,1.25288,120.50549,20.58540,1.97488,168.05663,10.25173,5.80599,89.10977,84.81252,0.65136,159.65684,0.81813,62.32875,1.03969,5.05060,2.03603,1
6.71887,3.74455,8.32207,35.74527,23.28682,25.54482,41.76127,58.23873,39.35959,60.64041,50.12469,56.86219,14.10381,29.99857,64.15196,112.82006,2.97432,14.93917,32.11678,4.93723,18.50384,1.38034,16.09952,1.55541,166.17288,0.29847,8.57969,2.04851,307.54426,19.14675,1.87055,145.22956,9.35497,7.18595,82.03612,91.51704,0.73706,188.71549,1.22761,109.93605,0.66609,3.47884,0.94221,1
16.27287,8.41443,20.84281,10.23103,-0.40422,-1.47475,73.46820,26.53180,71.80332,28.19668,64.90197,76.69992,1.23400,21.07099,68.09368,88.77933,7.85843,16.04076,123.40287,3.71621,20.54553,1.76787,13.50920,2.12911,142.24110,2.07344,32.07061,2.75669,290.24774,14.69044,3.16551,159.73032,16.08533,10.84638,85.36944,91.94845,1.62983,141.40085,8.62591,161.13416,0.94977,6.46524,2.34996,1
14.45833,10.90330,17.21505,-1.59589,2.23273,1.53728,16.20738,83.79262,16.43812,83.56188,1.00663,73.40247,10.58409,64.31588,31.76298,43.27236,3.55503,49.80579,87.03277,3.51924,59.30210,2.10068,15.06584,2.74024,51.42167,2.48139,67.09348,1.21720,241.82933,13.60938,1.09295,304.55204,5.16739,1.59306,80.93536,75.99061,1.10582,247.36940,2.83955,217.17978,0.50333,3.69840,2.10213,0
42.57699,41.68382,76.93440,-17.79063,18.43621,18.43621,59.04157,40.95843,66.61628,33.38372,40.79679,55.34194,0.00000,98.17131,0.59804,1.08062,0.89317,73.41308,131.47481,32.46524,132.65361,0.96557,14.11532,1.15346,20.89536,12.47405,68.82469,6.40415,748.88574,4.71827,0.00000,988.21518,13.98996,1.20857,68.59803,58.56256,1.14082,221.84314,15.49020,124.08914,0.85516,18.12438,16.96189,1
23.02060,21.40887,767.25684,-6.60058,6.60058,6.60058,54.72933,45.27067,56.24882,43.75118,67.42943,2.93919,0.00000,46.95731,49.48626,1683.66899,1.61173,20.35543,673.64406,15.29947,678.42908,0.27561,3.39359,0.33464,7.45751,4.41068,74.83101,0.88316,139.74782,10.72187,0.00000,190.76120,12.12382,6.18649,93.21010,90.73152,0.92629,133.15455,7.77727,138.01161,0.63197,5.89419,3.73559,1
9.58042,6.53317,12.89728,103.36374,-62.06244,23.10382,44.05012,55.94988,34.14744,65.85256,42.00907,51.37761,22.03003,24.14756,71.93438,140.01114,3.04724,15.01866,39.42010,7.02857,20.21830,0.36283,2.76013,0.48319,3.22457,2.03593,68.23278,0.57057,62.18470,30.75090,1.22093,129.84105,12.09061,8.83375,95.49353,90.59054,0.86517,168.40258,4.19185,91.94514,0.91754,2.98380,0.84532,1
11.21958,2.45059,15.06506,46.62320,-32.30391,6.12752,58.04854,41.95146,52.81761,47.18239,56.67676,61.11436,11.05142,24.69282,63.32789,103.62195,8.76899,13.13795,24.56144,1.91135,17.64093,1.73847,14.58636,1.85641,150.42411,1.58471,39.71553,1.34044,101.11653,33.22270,2.04583,143.69619,10.64736,7.01683,88.81832,84.10978,0.98082,114.55795,0.08485,73.93403,1.32564,3.99015,0.61869,0
22.11347,21.78365,29.89362,75.45360,-74.45043,-0.19579,63.30942,36.69058,46.62401,53.37599,64.75285,36.25228,37.72159,53.23900,42.77784,118.00041,0.32982,38.20335,98.37746,28.39120,51.64438,1.44535,13.50891,1.68240,55.25509,15.11314,174.05685,-4.41125,-159.25851,31.90031,0.03238,307.21706,16.21916,1.07365,137.35837,27.93398,2.05140,501.05505,0.00000,74.06127,2.76986,8.68288,5.88063,1
6.41117,3.79749,8.81779,191.56272,-176.10654,14.60308,63.24067,36.75933,50.95926,49.04074,55.81692,54.86991,6.49527,27.42576,68.48982,124.82219,2.61368,14.72618,35.58019,6.99026,20.25409,6.86763,7.20728,8.12707,4.57374,1.87002,40.78160,1.47325,137.62516,23.34508,2.36152,148.52566,12.71128,8.47974,89.61370,88.79107,1.11933,145.05783,0.00000,104.56382,1.07048,4.58545,1.15346,1
34.98963,34.50370,60.99344,-17.76314,20.94767,20.94767,53.66524,46.33476,59.88050,40.11950,67.96398,31.35815,26.00806,65.83983,32.47191,103.55175,0.48593,65.83983,180.93247,30.34519,114.77109,2.98535,12.60990,3.73559,18.77000,6.81667,70.01055,3.49397,230.39690,15.57521,1.03351,314.15014,10.92282,3.07264,75.76457,66.95457,2.40321,245.55000,81.30000,106.00194,1.51650,9.73663,7.18662,0
8.94077,8.06405,11.22907,31.99019,-26.27388,4.93474,41.69721,58.30279,38.83704,61.16296,30.28151,75.84854,3.77309,48.90311,47.80819,63.03113,0.87672,44.20066,67.90193,8.26286,55.51338,0.89354,11.99286,0.94221,16.70386,3.73929,96.96287,0.75597,41.38512,47.36735,0.00000,151.15980,9.18820,4.75190,92.39782,72.23293,1.33586,198.78141,1.61678,72.53561,1.82668,3.85641,1.33272,0
7.23224,6.46372,8.88188,37.29932,-3.08263,5.50809,34.95094,65.04906,32.25337,67.74663,27.85111,52.88998,26.30647,49.64391,49.10862,92.85052,0.76853,24.67554,57.18957,5.60480,30.30392,1.82620,12.22367,2.10213,22.94955,1.83095,71.17508,0.62131,74.89340,32.24931,1.12805,147.67818,7.89873,4.93973,92.70761,85.62053,1.01165,199.74555,0.74936,121.48710,0.82960,2.57245,0.61481,0
12.68356,11.28256,16.78967,128.16299,-123.60816,0.10064,68.42666,31.57334,52.17104,47.82896,61.89130,55.26316,20.24200,32.54289,65.04116,117.69351,1.40099,23.28767,42.84597,8.37748,30.82671,0.88906,9.54766,1.01726,10.53805,3.36946,51.24128,1.91864,99.99893,29.17826,2.35888,173.45258,11.60833,5.88000,85.81617,75.39751,1.07550,139.24027,0.54093,55.83664,1.91866,6.57566,2.29812,1
10.47573,10.47271,11.76794,-29.00290,30.25679,3.84639,9.48622,90.51378,12.52448,87.47552,0.01421,58.00119,31.01803,18.61390,81.27203,140.12133,0.00301,18.61627,31.48401,4.69003,20.91265,5.27274,31.58829,6.35238,1448.01055,2.76837,101.05040,-0.14026,-82.48218,6.20721,0.17891,726.41264,3.19819,0.25091,104.58686,59.60397,0.06822,283.34483,3.31034,39.64945,0.17005,2.73959,2.39063,1
92.80933,91.03289,2222.75815,-11.28315,11.28315,11.28315,89.52819,10.47181,100.00000,0.00000,100.00000,4.17541,0.00000,96.79980,0.00000,0.00000,1.77644,88.72525,1554.58070,79.05448,2124.94565,1.68726,15.44736,1.66462,65.81596,17.86407,80.67414,8.88410,74.90792,53.55987,0.26437,193.11038,22.54212,4.41368,71.73030,27.12156,4.93032,474.03636,5.89091,41.05426,11.86003,22.14349,10.01910,1
5.40566,5.35055,5.80708,246.42417,-237.88109,-6.41826,24.35299,75.64701,11.03215,88.96785,11.80767,37.73432,55.35304,39.01190,60.62370,160.65933,0.05511,38.05198,99.27359,11.69587,40.87771,4.29471,22.32243,5.88063,90.73333,3.49304,214.22520,-1.73086,-568.65903,18.66711,0.06492,171.88539,5.37186,1.81389,147.53813,85.63092,0.19801,414.76000,3.05333,64.57671,0.30438,1.63055,1.26125,1
10.25401,9.01744,12.99602,42.38247,-18.33204,13.10616,46.64166,53.35834,42.29576,57.70424,39.40365,68.66441,9.57682,34.44437,59.26522,86.31142,1.23657,21.47071,40.55170,8.98380,27.21217,1.16848,12.20601,1.33272,51.44706,1.16677,31.83875,0.98192,65.70474,40.78053,2.11720,131.08653,10.70478,7.42081,91.59795,83.23719,0.60190,173.71232,0.17739,40.23432,1.49445,3.66461,0.05296,0
9.25705,6.36165,12.25820,169.88059,-158.32374,-4.48177,62.72560,37.27440,46.99967,53.00033,51.42741,55.32513,11.54030,34.06214,59.72594,107.95445,2.89539,12.60712,26.18015,1.35014,16.69437,0.43699,5.60162,0.61481,7.21733,3.53067,78.18378,0.54022,44.19078,27.07088,1.35028,162.19166,10.40967,5.52872,95.06640,81.89238,0.90531,116.08855,1.44225,73.13518,1.22248,4.51586,1.94310,0
46.46652,46.26412,92.24176,-1.75217,1.11410,1.11410,48.75258,51.24742,49.56675,50.43325,11.39241,0.01737,50.35735,22.24974,77.25433,444857.59494,0.20240,21.95326,134.04854,12.67565,43.57991,1.90620,16.09826,2.29812,30.45549,7.27293,86.16792,0.52747,32.68294,19.12101,0.00000,479.66038,9.28327,0.43146,94.62357,21.09463,0.94173,489.60000,1.48571,58.17414,1.61389,8.44041,5.24763,0
8.67078,8.21901,9.68567,-1.18256,1.18256,1.18256,14.87856,85.12144,14.98110,85.01890,0.02329,65.37779,24.14396,54.92396,41.12053,62.89679,0.45177,45.29109,686.98596,1.32261,50.59227,1.22461,20.49924,1.26125,29.51980,0.79864,39.22745,3.66181,274.27476,65.57684,0.00000,274.52718,1.50274,0.54617,29.09729,29.03203,2.58247,427.60870,4.15217,191.55276,1.33509,2.03591,0.54288,1
7.59012,1.75998,9.00268,107.50486,-61.00842,0.72195,64.99054,35.00946,56.83079,43.16921,55.19690,73.71699,7.43045,25.85916,65.65554,89.06432,5.83014,11.87946,21.68671,3.07782,14.09028,0.05317,0.49155,0.05296,0.52146,3.02300,72.26741,0.86351,39.28290,52.54928,1.65026,130.60140,13.38503,8.71177,93.93968,79.85162,1.38237,121.24839,2.51554,61.58260,2.19818,4.18308,0.33464,0
13.56652,10.01942,16.25515,13.27752,0.68337,-1.95598,46.45083,53.54917,44.64953,55.35047,31.81500,79.27439,1.71332,31.02479,63.38298,79.95392,3.54710,30.11792,46.03910,3.41173,36.08673,1.70142,18.03261,1.94310,71.93519,3.95580,109.14425,0.50122,23.13839,59.76674,0.97501,137.62455,11.44476,6.51395,95.80430,75.04444,1.81848,147.62632,0.87895,83.44906,2.16617,3.62438,0.48319,0
10.88897,7.19715,12.83257,31.27409,-1.95764,-0.31420,74.97760,25.02240,71.57217,28.42783,65.69974,79.87461,0.30744,44.41059,49.02414,61.37637,3.69182,16.48395,28.01069,3.12734,19.42622,4.20842,8.10149,5.24763,9.96300,-3.77727,-91.21272,0.86751,29.32557,71.43419,9.24514,121.03803,18.56237,13.09450,95.53517,81.57191,2.19422,197.33747,0.00000,74.17387,2.95821,4.14116,-8.06218,0
10.03999,8.96179,12.71803,110.98571,-98.72345,4.09610,67.48552,32.51448,56.34256,43.65744,57.78878,66.20520,12.13042,30.58390,65.98010,99.65999,1.07820,20.47605,33.14429,3.21997,25.93776,-6.23989,-47.69436,-8.06218,-40.79738,3.05022,75.33099,0.99924,69.26473,35.62863,1.28608,144.62441,11.61738,7.28107,92.07999,83.46307,1.28645,131.52957,1.61010,88.08216,1.44263,4.04909,1.32037,0
10.68617,7.98987,12.61311,30.51980,-33.95235,-1.01325,62.68710,37.31290,59.42571,40.57429,53.83711,61.63319,6.36159,26.73443,69.05748,112.04592,2.69629,8.60790,13.99806,1.05921,10.16008,1.93899,15.08363,2.34932,158.05324,3.20151,87.72145,0.09836,10.88970,24.74908,0.87846,148.88125,9.87679,5.79682,99.01394,86.51879,0.54900,119.64945,4.42549,58.53260,0.90325,3.64964,1.86793,1
12.98771,9.38695,17.28851,52.44716,-37.98188,4.38176,56.22333,43.77667,49.41165,50.58835,47.98774,60.65973,8.88532,32.23906,62.11463,102.39845,3.60076,17.47007,33.40609,0.89443,23.25518,13.06645,36.64856,16.96189,65.47550,2.56687,41.87552,1.65270,133.24777,20.23443,2.74924,185.58130,10.76941,5.45330,86.69546,81.47006,0.85996,168.57722,4.10072,67.64709,1.24032,6.12977,2.14021,1
7.66888,5.43455,9.15898,8.79652,-5.73607,1.38857,63.88145,36.11855,63.20685,36.79315,56.26501,65.76130,3.14887,30.57275,66.22862,100.71064,2.23433,10.59605,17.84044,1.10030,12.65492,5.73338,16.21071,7.18662,36.88667,1.30661,55.43301,0.85453,105.44032,34.38305,0.82846,126.04835,9.69046,7.55539,91.89631,90.31247,0.65190,131.35339,3.90884,78.04430,0.81044,2.35710,0.71820,1
11.94095,6.26458,15.13204,71.41490,-59.66419,1.10635,56.40980,43.59020,47.88219,52.11781,46.09417,58.90397,10.75742,29.23287,62.48866,106.08564,5.67636,11.65237,22.07593,1.63661,14.76635,1.98392,20.12605,2.39063,33.17243,2.57178,68.51733,0.54091,51.60790,27.92374,1.52350,157.12807,9.32794,5.23266,94.51904,83.31238,0.90722,153.74648,4.15271,84.21973,1.04811,3.75348,1.18186,1
8.55582,6.30580,10.42932,31.53701,-21.01961,6.50053,60.30391,39.69609,57.60566,42.39434,61.08539,54.14361,12.47899,27.37328,66.86064,123.48760,2.25002,11.24866,22.24156,1.58141,13.71183,8.16395,9.08027,10.01910,42.48400,1.79782,43.42290,1.53010,137.71577,26.83547,1.47380,145.64045,10.24694,6.97532,87.00775,86.26013,0.66950,132.30811,1.58812,59.53414,1.11106,4.14026,1.55541,1
95.53580,92.17508,38753.74150,0.02458,-0.02472,-0.02472,99.78534,0.21466,99.76186,0.23814,3.40136,0.24652,0.00000,95.66829,0.00000,0.00000,3.36072,95.66829,22637.69841,95.45363,38807.48299,1.04252,9.70752,1.17707,101.42439,18.65504,96.39515,0.69093,10.60216,33.67418,0.00671,296.96346,18.66175,0.00000,96.42981,0.00000,4.55811,100.66667,15.77778,58.98096,6.51685,19.35267,8.98541,1
15.08523,11.43190,19.57924,56.02344,-53.96057,5.63255,56.63621,43.36379,48.18494,51.81506,42.96806,62.15086,8.70208,37.38760,56.54190,90.97525,3.65333,12.89612,24.06054,0.69201,16.73798,0.41182,5.62031,0.43065,137.62472,2.20796,38.89790,1.31767,119.97284,19.34892,1.84797,172.52886,9.57230,5.21367,87.90019,82.59967,0.72377,204.64424,1.54063,65.40317,1.09830,5.67630,1.70900,1
15.81399,7.57310,19.84630,5.16054,0.09357,3.72551,73.23732,26.76268,72.42123,27.57877,65.69029,77.62407,0.42393,20.96074,73.24703,94.36123,8.24089,16.77144,29.95142,7.74342,21.04789,1.57452,11.03449,1.88663,104.18208,2.05503,28.39077,2.65359,271.15022,13.52019,2.51171,160.67650,13.92270,9.33792,83.99166,90.51388,1.45950,154.18592,1.79483,147.39973,0.97864,7.23837,2.28746,1
21.23675,16.16166,27.64029,-0.75694,1.20199,0.44410,23.53694,76.46306,23.69769,76.30231,2.01672,49.53951,27.29309,51.97181,34.89805,70.44487,5.07510,45.08801,103.48734,10.89588,58.68344,2.42940,15.16509,2.69335,64.42117,4.77260,65.65585,1.99801,246.13263,11.16725,0.14082,473.86435,6.18653,0.91543,75.58805,53.00114,1.74750,316.20803,4.84307,211.97605,0.81176,7.26911,4.23811,0
44.83511,43.74051,83.50146,-19.29374,19.76318,19.76318,56.73937,43.26063,65.38973,34.61027,35.99310,53.69380,0.00000,91.60105,6.76790,12.60462,1.09460,91.56060,170.17735,54.99077,170.52359,0.99776,14.24225,1.14289,22.53005,4.01118,61.39970,2.05982,341.43181,9.23464,0.46190,966.15758,4.55437,0.08130,68.85757,11.87554,1.07388,224.28571,13.85714,167.00680,0.60329,6.53290,4.46018,1
20.64164,18.23070,442.70709,-6.75337,6.75337,6.75337,50.56408,49.43592,51.95809,48.04191,39.12025,4.60548,0.00000,16.89268,55.32038,1201.18651,2.41094,16.82439,367.32595,15.26349,360.83754,-2.20966,-31.42381,-2.85327,-59.07444,5.07849,71.90806,1.56602,281.60757,7.87403,0.41796,184.43357,12.64627,7.14981,88.98120,92.78344,1.01876,157.08969,7.37220,174.59994,0.55610,7.06248,5.11746,1
10.15889,4.15773,13.65258,73.34306,-33.85059,27.54988,40.04001,59.95999,32.58918,67.41082,32.03272,61.20419,12.17930,22.70413,73.12962,119.48467,6.00116,17.33497,34.88733,6.63227,23.29654,0.03312,0.23634,0.00778,0.28457,2.15664,54.08975,0.47293,43.77107,27.09877,1.34729,132.33731,11.42236,7.90815,96.02421,87.97961,1.06143,212.65323,5.34783,95.76785,1.08047,3.98714,0.51436,0
19.63029,19.25179,25.31989,21.41966,-22.08237,4.63333,68.62247,31.37753,64.41773,35.58227,54.25723,77.23926,0.28986,66.14575,32.56717,42.16400,0.37851,47.86776,61.06523,30.60208,61.74165,1.04758,11.00107,1.31696,48.55556,7.39549,68.50383,3.28320,154.13172,19.73119,0.11704,221.89972,12.49120,4.97867,79.18653,70.03535,1.10912,379.10106,0.00000,52.06823,2.13013,10.79573,7.43944,1
27.01272,25.94709,38.73657,-16.69225,16.73127,-0.56871,51.95159,48.04841,56.46062,43.53938,50.52297,55.90813,13.82628,58.12853,37.98959,67.95003,1.06563,49.19045,84.20709,28.72023,70.53970,0.97889,8.97870,1.11974,42.61913,9.96847,85.36678,1.64930,63.37239,22.28747,0.05945,268.29069,12.81762,2.78970,88.59949,51.73529,2.21864,573.86792,0.57547,85.16313,2.60256,11.67723,6.79880,0
7.56567,5.28740,9.81062,48.09573,-41.71904,2.01639,49.54784,50.45216,45.90908,54.09092,49.08287,61.98870,3.92667,31.13034,66.14990,106.71283,2.27827,14.75252,26.71264,2.89511,19.13002,7.56983,7.94853,8.98541,5.44225,1.48983,25.88846,2.02620,170.10169,20.69878,2.23831,151.45056,11.40733,7.67874,84.91683,86.57065,1.18791,168.71123,0.84426,99.22746,1.19117,5.75479,1.14289,0
35.74676,35.16652,65.75197,-20.30891,20.30891,20.30891,63.48760,36.51240,70.74737,29.25263,69.10469,46.35334,8.01273,68.63132,32.11529,69.28365,0.58024,68.64129,127.01696,47.83975,126.25760,4.09181,18.78584,5.11746,29.32585,6.22940,68.93058,1.57435,104.20042,16.71850,1.23346,220.70520,12.18727,4.72441,88.55985,75.76881,2.01633,211.80952,3.38095,131.32313,1.51089,9.03721,4.30872,1
8.81241,7.58560,11.06521,126.36489,-125.72381,21.03707,44.95899,55.04101,33.82320,66.17680,25.91159,79.55279,0.08790,49.88035,50.27148,63.19260,1.22681,40.39561,58.25326,13.96557,50.72233,0.64527,8.63670,0.73069,9.92572,3.24010,52.96629,1.83512,92.98549,32.26199,0.99698,159.45703,9.27790,4.99573,83.48672,71.68205,1.37984,239.31067,0.00000,69.91615,1.97356,6.11729,1.72183,0
6.92521,5.81921,8.47142,-26.93171,46.00988,12.81570,23.12871,76.87129,24.99379,75.00621,28.66616,58.34722,23.29708,33.91575,49.95896,85.62354,1.10599,24.03998,50.23682,4.37600,29.40746,3.03891,17.33881,4.23811,37.82432,1.61129,53.79553,0.89075,86.85943,34.23821,0.43385,133.28744,6.99624,4.89177,88.70606,82.66923,1.04460,259.95212,4.86183,99.95658,1.02551,2.99522,0.45147,0
14.40292,12.50423,19.57869,45.98279,-44.06682,-0.16473,66.67953,33.32047,60.05667,39.94333,59.96794,68.61177,4.78303,36.17185,60.73535,88.52031,1.89868,28.91929,43.16726,15.49224,39.31160,0.72025,7.30143,0.84085,9.02632,3.39681,38.69687,3.25796,153.93852,24.11037,2.10746,175.84460,12.18682,6.66679,78.90574,75.90394,1.25981,192.85106,0.68176,59.31534,2.11641,8.77799,3.28301,1
11.23270,11.19223,12.69467,-4.54109,4.72889,4.72889,12.22469,87.77531,12.73478,87.26522,0.00106,43.73156,44.75203,20.56761,78.22035,178.86475,0.04047,20.56915,190.38943,5.97804,23.24629,6.46227,35.30440,7.43944,2193.06728,3.28390,96.04119,-0.00999,-5.36659,5.44524,0.14535,591.11655,3.90138,0.47212,100.25677,71.71747,0.06182,313.78571,2.25000,32.96674,0.18619,3.41927,3.02634,1
83.34344,79.83288,661.50851,-3.73926,3.73926,2.91237,85.86624,14.13376,88.98267,11.01733,21.69921,12.59900,0.00000,94.91693,0.00000,0.00000,3.51056,89.21749,612.77883,76.03645,708.13167,0.90850,8.05749,0.94413,40.29170,17.33299,62.76046,10.17115,173.60623,21.21375,0.00315,334.26381,20.87601,3.42947,67.23967,36.92282,4.74715,638.36538,5.55769,80.32123,5.85875,27.61769,16.93957,0
9.45513,9.32678,10.53605,-40.77432,47.44436,0.05056,11.69169,88.30831,15.54696,84.45304,12.38019,40.52302,49.21776,33.80120,65.33315,161.22478,0.12835,33.66918,88.47688,4.15992,37.51826,5.38636,21.89657,6.79880,107.80889,3.00219,96.06980,-0.19617,-59.69786,10.51534,0.23782,176.02432,6.67087,3.34970,103.02980,91.06639,0.33466,466.71795,2.06410,101.39320,0.32861,3.12501,2.14423,1
9.18374,6.26240,11.66086,176.46900,-174.90000,-6.12262,59.78182,40.21818,43.57538,56.42462,44.30470,58.13820,8.42656,23.81533,65.48438,112.63571,2.92134,12.46754,22.22693,2.51499,15.83039,0.24247,3.43126,0.45147,4.75221,3.13101,63.58834,0.75049,63.24755,24.09865,1.00153,152.52622,10.10187,5.92849,93.08458,83.32294,0.95995,144.29006,2.28957,79.61610,1.18659,4.92387,1.75019,1
56.56452,55.90704,143.72653,-0.22328,1.02748,1.02198,59.94787,40.05213,60.07416,39.92584,5.45455,0.02855,39.32711,54.46496,44.48056,155818.98990,0.65749,53.98924,569.94216,45.82662,137.18292,2.55277,18.86327,3.28301,42.34646,12.41389,93.26569,0.83321,39.70649,15.76539,0.06315,579.66052,12.71608,0.23904,93.85055,10.22649,1.11694,586.90909,1.72727,53.07115,2.09841,13.31025,10.03503,1
37.66848,31.12428,72.29779,2.98264,-2.98264,-2.98264,67.10895,32.89105,65.98543,34.01457,1.81159,3.87009,48.23176,35.75155,0.00000,0.00000,6.54421,35.75155,158.95265,2.95456,68.61859,1.34892,19.09995,2.14423,33.98162,-0.96577,-5.76762,17.62864,293.16945,35.91068,0.08180,186.93265,5.44757,6.33154,23.60686,51.28970,24.81085,1117.52632,550.60526,209.31792,6.01312,16.74466,-1.93680,1
6.46024,-0.92848,7.57782,119.07266,-64.59284,4.92830,65.27301,34.72699,57.58063,42.41937,53.11788,80.23176,2.99892,15.12820,71.32174,88.89465,7.38872,13.11410,19.47431,2.22301,15.38276,0.22202,2.18186,0.27574,2.16252,-1.40423,-22.64936,2.45988,107.82931,36.79546,4.48343,134.20431,12.91516,9.17517,84.00084,80.08746,1.64299,153.96355,1.43737,71.34846,2.28127,6.19987,-2.85327,1
14.48070,9.51655,17.72324,15.62367,-10.32953,1.20512,53.69122,46.30878,51.42880,48.57120,41.78013,70.09712,8.33593,21.37872,74.78241,106.68399,4.96415,18.06542,26.55424,1.21113,22.11065,1.54656,16.77799,1.75019,78.27333,3.00782,58.47264,1.36325,57.75792,45.88441,0.77291,134.23478,9.55163,5.77090,87.51016,70.97245,2.00301,156.11170,0.00000,84.86294,2.36028,5.14398,0.00778,0
2.88105,-3.58756,3.61151,149.54573,-114.61687,-3.03265,73.50698,26.49302,69.19849,30.80151,61.91806,79.60631,0.16785,22.86088,59.42384,74.64715,6.46861,22.85134,35.83700,9.31261,28.64504,7.62379,14.83405,10.03503,19.80873,-6.53104,-956.32930,0.56059,18.30879,448.34072,6.65338,82.70183,10.81291,10.69057,95.07112,77.73596,2.27375,248.42857,0.00000,74.26086,3.06184,0.68293,-11.30605,0
9.05502,7.48909,11.46972,130.72295,-126.58070,-3.86166,64.98955,35.01045,53.15257,46.84743,47.75455,67.25125,7.98972,28.02342,64.47874,95.87739,1.56592,19.88669,28.13792,2.44759,25.18989,-11.90485,-176.68055,-11.30605,-68.91031,3.73151,65.88919,0.54059,33.60933,28.40148,1.30814,150.32575,11.57144,6.44873,95.53672,80.03693,1.36382,163.50905,2.05551,83.72421,1.60846,5.66330,1.31696,1
10.78320,7.91938,12.73374,74.07734,-75.85195,-16.23843,64.91510,35.08490,56.92719,43.07281,53.89179,68.83366,5.31407,26.62095,68.94628,100.16362,2.86383,8.83249,14.73743,0.50863,10.43017,1.64098,12.26207,1.99827,146.63907,2.90676,79.49507,-0.23909,-24.95651,26.20035,0.97166,137.69465,10.09645,6.20083,102.42549,86.61765,0.56108,148.41982,7.54032,55.59080,0.95802,3.65653,1.17707,1
13.74546,9.67456,18.48978,56.71367,-47.79044,7.34197,58.51786,41.48214,50.72231,49.27769,46.02268,63.59444,6.42277,24.60288,64.21166,100.97056,4.07090,16.34209,27.30037,3.51647,21.98265,3.44463,7.87816,4.46018,17.35350,1.91874,27.64329,2.07667,156.74936,19.08693,2.73586,185.01769,10.14551,5.28112,83.00898,79.94481,0.92664,192.96098,5.37143,67.99678,1.32484,6.94107,1.76973,1
7.04456,3.89783,8.41192,53.45060,-51.32273,-16.22608,68.03575,31.96425,64.27039,35.72961,55.91350,65.14324,2.41045,15.29538,67.65369,103.85375,3.14673,8.36658,13.54083,0.65199,9.99055,3.46158,9.78325,4.30872,24.51667,1.29399,45.66048,0.51207,68.19266,26.49714,0.99591,124.07171,10.22441,7.90253,95.23057,91.32236,0.64669,155.83313,5.34829,83.16514,0.75091,2.83395,0.43065,1
12.57820,6.26516,15.97749,70.62006,-66.47853,5.44810,56.81426,43.18574,47.93153,52.06847,44.36648,63.22316,8.59947,26.80193,61.79633,97.74317,6.31305,14.14084,24.27550,1.27033,17.96243,2.54865,23.41334,3.02634,49.43661,2.46405,51.98258,0.49728,42.25198,24.82928,1.66190,158.12733,9.19591,4.95305,94.86978,80.80024,0.94697,184.27568,6.17964,77.76184,1.17694,4.74015,0.86917,1
7.87417,5.32291,9.52493,91.96995,-87.42227,-15.79651,62.27121,37.72879,55.02935,44.97065,57.07631,59.97033,9.79400,17.36907,69.64074,116.12532,2.55126,10.09871,18.55062,0.56931,12.21582,15.00075,17.15951,16.93957,92.11000,1.13250,25.68144,1.30683,144.95272,20.44433,1.95800,144.80472,10.03154,6.92855,88.47425,88.48602,0.69307,172.67152,4.13840,75.03262,0.90156,4.40982,0.86132,1
10.62919,6.94569,14.43661,84.36715,-75.95648,2.48293,55.05768,44.94232,46.09014,53.90986,46.30764,57.49484,9.83508,27.47824,62.05585,107.93290,3.68350,19.24991,35.22083,4.25509,26.14531,-0.33661,-2.40584,-1.93680,-1.16579,1.53872,30.39655,1.24902,118.18932,20.87640,2.26384,162.02676,9.21380,5.40067,88.06231,83.63452,0.81381,189.61554,0.25092,76.90591,1.05679,5.06215,0.91820,1
95.48507,92.04039,29707.85340,0.02467,-0.02400,-0.02400,99.71561,0.28439,99.69205,0.30795,4.18848,0.32141,0.00000,95.56920,0.00000,0.00000,3.44468,95.56920,25240.88889,95.28481,29734.03141,0.98282,9.58110,1.14939,59.73297,10.63862,93.10751,0.77913,10.20498,66.81885,0.00841,149.65836,10.64703,0.00000,93.18115,0.00000,4.55027,108.16000,10.96000,53.55962,7.63483,11.42617,-0.30627,1
14.10421,10.31163,18.34373,88.03638,-88.64912,8.26550,58.89566,41.10434,46.47882,53.52118,40.39450,60.20393,8.12910,31.91204,56.78504,94.32116,3.79258,12.91455,23.56339,1.09674,16.79647,0.45732,6.92170,0.47497,105.10430,2.25304,41.60882,1.03673,95.49821,20.04871,1.53788,202.89857,7.49976,3.12167,87.85531,74.19700,0.64499,230.94317,2.69532,58.72007,1.08560,5.41482,1.56671,1
6.53486,4.11733,8.16534,137.26764,-118.12809,2.64973,45.96367,54.03633,36.99341,63.00659,50.99756,51.69580,24.97732,19.89851,63.84872,123.50853,2.41754,16.55534,40.21286,3.22838,20.68597,0.89607,12.60319,0.92135,128.28830,0.98506,43.27917,0.56945,88.60342,28.23700,0.66032,131.37876,6.26925,4.56264,91.67318,87.65322,1.16281,481.89057,240.94529,90.46453,0.64269,2.27606,0.33041,1
12.69242,5.67093,15.21354,46.69308,-41.69724,10.69739,76.25742,23.74258,70.33094,29.66906,57.15769,65.38518,1.43147,22.85219,57.90153,88.55451,7.02149,13.84728,21.72092,3.01763,16.59779,1.55397,10.68558,1.78104,120.52244,1.32360,29.96697,2.13818,308.84963,15.67404,0.90649,157.32804,8.08335,5.80465,79.08163,89.34418,1.09369,168.73208,1.46051,156.61134,0.69230,4.41688,1.68525,1
20.67336,15.93049,26.73189,-1.56461,2.34765,2.34678,22.45986,77.54014,22.78332,77.21668,1.24440,51.19317,26.14277,42.66253,30.92683,60.41203,4.74287,29.29608,61.44814,6.80174,37.88159,1.93385,13.84443,1.95380,69.21883,3.61093,69.02856,1.31289,160.72315,15.61565,0.01460,393.46193,4.60549,0.68732,77.81673,45.69375,1.93351,386.44803,7.63082,232.02564,0.81686,5.23106,2.21162,0
39.57880,38.68853,67.06935,-18.45356,18.95605,18.95605,49.27979,50.72021,56.58349,43.41651,27.02398,59.01175,0.00000,87.26586,11.44264,19.39044,0.89027,87.23441,147.31248,44.08752,147.82550,0.93599,13.02289,1.16132,24.42037,2.05548,43.28986,2.50619,523.91415,10.07458,0.18651,937.53568,2.27344,0.03145,47.56516,6.16873,0.96982,266.57778,18.80000,188.44009,0.47836,4.74819,3.18190,1
17.99775,16.12438,251.64298,8.21090,-8.21090,-8.21090,50.19491,49.80509,48.71713,51.28287,46.36117,7.09039,0.00000,20.75421,52.28182,737.36172,1.87337,20.68569,293.35237,18.55347,289.22552,0.15453,2.28142,0.20098,2.82887,0.15474,4.81145,2.91099,320.51315,28.23985,0.15039,116.20187,13.64152,13.33639,82.41359,93.62406,1.13223,175.40367,9.09633,118.19842,0.90823,3.21612,1.08399,1
7.22229,1.92502,9.56352,189.03966,-137.32250,35.82369,42.45163,57.54837,28.79864,71.20136,28.90708,60.29450,14.17568,20.70727,75.77619,125.67679,5.29727,14.95607,33.65730,1.52389,19.80433,0.04177,0.30440,0.00729,0.36971,-0.36100,-11.94121,0.70668,84.64427,27.61645,1.76624,139.85732,6.97178,4.65533,90.79660,84.79326,0.94942,230.85174,5.56151,110.97925,0.83488,3.02313,-1.41575,0
17.01365,16.68686,21.74163,6.04498,-6.04498,3.10941,69.92478,30.07522,68.89631,31.10369,60.34946,78.25379,0.00000,63.93641,35.16986,44.94333,0.32680,58.41569,73.67971,47.15528,74.64902,0.95176,11.14331,1.10656,53.40770,5.16114,63.81954,2.67245,139.02859,23.76911,0.25350,314.20730,6.37039,0.95576,70.44683,33.20927,0.82758,414.83377,0.00000,43.05317,1.92223,8.08708,5.08378,1
18.55195,17.68763,23.86755,39.74755,-38.13032,-0.09945,55.74506,44.25494,48.37112,51.62888,62.35228,38.25682,39.47195,39.86829,53.69981,140.36664,0.86432,37.12567,81.41599,20.57629,47.76310,1.19915,11.44653,1.42529,60.13363,3.39050,56.79136,2.51855,127.55672,33.07245,0.06105,207.81859,5.18297,1.73143,67.29803,46.72113,1.47463,585.41441,2.46847,74.37073,1.97446,5.97009,2.46617,0
6.88303,4.41677,8.96021,90.87888,-88.21059,13.89549,55.04412,44.95588,48.78890,51.21110,52.56122,64.89413,4.24295,22.33074,71.70060,110.48857,2.46626,15.50948,26.61167,4.67128,20.18997,-0.37966,-0.39750,-0.30627,-0.28242,2.05547,41.85078,1.39972,117.33441,24.28896,1.05001,165.38779,8.00559,4.49389,85.11776,79.02285,1.10438,194.10394,0.60491,92.28822,1.19293,4.91142,1.16132,0
24.52155,24.09219,35.30517,-1.20453,1.20453,1.20453,48.63734,51.36266,48.93271,51.06729,66.98171,33.06981,36.38617,69.89117,30.82220,93.20344,0.42936,69.90370,156.39452,27.78228,100.64460,0.93195,4.82087,1.08399,6.89652,3.09847,63.24395,1.58696,127.88732,25.32850,0.21381,217.16578,5.19374,1.88146,76.59593,60.25749,1.35305,232.25000,2.10000,108.05164,1.24090,4.89924,2.10371,1
8.04335,7.03496,9.95963,71.41939,-71.18144,13.00788,41.85266,58.14734,36.10815,63.89185,27.67848,71.27184,4.44147,41.02142,60.41329,84.76460,1.00839,24.04263,35.40822,5.46945,29.77065,0.29558,4.08376,0.33041,4.67967,1.79216,31.02369,2.83709,132.73923,36.99901,1.11596,176.24593,5.57557,2.63591,66.27596,55.22254,1.14344,255.23101,0.00000,53.49851,2.13734,5.77675,1.34846,0
5.29078,4.51305,6.31651,-1.31205,32.31080,26.43172,18.82374,81.17626,18.89316,81.10684,15.15671,48.40877,32.54620,41.81646,40.09676,82.82953,0.77773,20.23478,48.75398,1.66386,24.15770,1.83353,8.75673,2.21162,21.94886,0.84368,26.99404,1.36199,145.93916,29.86022,0.90350,159.11822,4.53829,2.77485,76.91649,74.83193,0.94087,320.44521,7.50411,98.45453,0.93326,3.12543,0.35357,0
14.62484,13.03279,19.64852,69.36880,-69.88767,0.53361,63.13248,36.86752,52.98741,47.01259,47.88591,65.66773,8.65475,30.62808,63.25092,96.31964,1.59205,25.29966,37.85648,9.70092,33.99017,-1.27291,-14.90049,-1.28039,-17.42111,2.69116,40.95105,1.99601,92.44982,32.85358,1.86717,179.07460,7.99695,3.42131,80.02582,61.31016,1.18280,210.39134,0.85357,54.56160,2.15902,6.57165,1.35015,0
8.83984,8.80557,9.72279,-7.90968,7.97424,7.97424,8.28034,91.71966,8.97954,91.02046,0.01100,52.26243,38.65630,15.87667,83.02033,158.85278,0.03427,15.88104,202.43506,1.94985,17.46730,4.65266,25.74870,5.08378,2195.14710,1.66811,88.32822,-0.26012,-172.10288,8.00324,0.48055,783.40657,2.25174,0.10308,113.06091,40.54719,0.08281,521.25000,2.12500,54.56576,0.15114,1.88854,1.17437,1
82.00213,76.88119,784.38853,-77.79427,77.79427,-9.90554,32.93822,67.06178,96.73119,3.26881,100.00000,10.45427,0.00000,93.14614,0.00000,0.00000,5.12095,91.51731,761.14290,26.28162,875.40568,1.00818,8.83175,1.04942,31.48163,20.32507,73.32967,6.99505,96.04378,26.27660,0.12954,167.46832,43.72626,23.00392,86.20886,75.95284,4.49653,680.96364,8.67273,60.95213,7.28319,27.71739,15.59767,1
8.43282,8.33786,9.26275,31.22504,-25.62206,-0.08925,18.99429,81.00571,16.36114,83.63886,6.58704,36.48905,54.55107,35.19016,64.13888,175.77571,0.09496,34.91419,69.61127,5.38470,38.35033,2.37758,10.90780,2.46617,62.94741,1.47871,72.26124,0.36186,146.73658,12.05097,0.10944,288.31269,2.39359,0.70911,86.86756,74.19697,0.33168,558.40244,4.15854,133.49783,0.24660,2.04633,1.26475,1
8.63184,6.23671,11.09223,80.08910,-57.77492,21.37183,47.48922,52.51078,40.57605,59.42395,30.86920,64.04062,3.51478,39.81126,53.10234,82.91978,2.39513,16.01432,26.62028,1.84620,20.57898,1.09769,13.08956,1.34846,65.99120,0.74279,18.25021,1.37575,142.27414,23.75815,1.92169,163.94060,6.58042,3.88611,82.70839,80.07511,0.73882,266.72047,2.41389,75.71416,0.96697,4.07006,0.41944,1
8.45859,5.87384,10.75395,203.99015,-208.83842,-9.83793,56.64569,43.35431,39.39100,60.60900,37.08224,57.45118,8.88525,23.89579,65.72332,114.39856,2.58475,12.85609,22.40341,1.21318,16.34478,0.26965,4.50823,0.35357,6.74977,3.21787,74.98322,-0.04584,-4.49943,23.73990,1.05835,179.71950,7.42373,3.08644,100.62131,75.18319,0.83900,171.60076,1.14913,81.80143,1.01879,4.29145,1.31986,1
59.52583,58.91192,151.67534,-0.61910,0.96687,0.98692,60.64753,39.35247,61.01606,38.98394,2.93902,0.07416,39.17139,51.95041,47.07789,63478.98604,0.61390,51.95308,684.45816,43.69795,132.37954,1.05879,7.29311,1.35015,17.97467,7.79665,87.80338,0.97981,45.17726,24.42453,0.10321,394.23964,8.01178,0.11193,89.10302,4.90742,1.21740,720.67742,9.70968,55.37549,2.16882,8.87967,5.40665,1
58.96722,52.45091,205.92538,1.45007,-1.45007,-1.45007,69.14005,30.85995,68.28498,31.71502,93.04348,0.10999,28.52525,30.94794,0.00000,0.00000,6.51631,30.94794,108.07642,0.48779,108.07642,1.09965,12.37876,1.26475,25.71783,5.11798,17.85810,23.24754,231.77267,34.99867,0.29363,276.00759,5.96540,0.55379,20.42039,5.23224,20.80763,604.30556,7.58333,204.84409,10.03032,28.65915,-2.21132,1
7.02871,0.92803,8.26203,176.15518,-136.92967,0.24051,65.72418,34.27582,53.34275,46.65725,47.89077,81.97340,1.73804,16.23293,69.12967,84.33183,6.10068,13.86510,21.94389,3.22152,16.29801,0.36920,3.97338,0.41944,4.08074,2.67313,53.57056,0.77598,40.96886,37.95807,1.52314,148.59631,8.69040,4.47646,91.80276,70.26814,1.36828,156.83527,1.63020,71.48884,1.89408,4.98992,0.20098,0
13.03924,8.95389,15.47556,27.96940,-25.97759,2.57935,50.04614,49.95386,46.39915,53.60085,39.44017,73.66983,9.00937,34.52763,63.01367,85.53524,4.08535,32.83833,47.62479,6.29211,38.97402,1.21634,13.85232,1.31986,74.23907,2.40481,57.58171,1.41555,62.79373,53.97745,0.35599,143.38978,4.93627,2.17547,77.71425,49.11039,1.57263,153.77246,1.35329,69.14781,2.25429,4.17635,0.00729,0
15.67918,7.92631,20.78340,1.44618,0.04990,-0.28441,62.01927,37.98073,61.79253,38.20747,49.64596,74.32257,0.00854,29.22985,70.96935,95.48829,7.75286,29.22790,55.34776,8.43083,38.74279,4.32055,7.43806,5.40665,11.27499,6.33186,119.32048,1.87260,45.87642,76.92010,-2.89787,113.07812,8.71710,5.28310,82.31674,56.41358,2.84688,288.23102,0.00000,69.74501,4.08184,5.30660,1.27574,0
8.14710,6.98329,9.93198,191.32458,-189.44899,-5.03678,71.89253,28.10747,56.30513,43.69487,52.91319,66.95808,6.96019,30.54208,59.21689,88.43875,1.16381,21.17531,29.03048,8.22648,25.81443,0.57633,6.76814,1.27574,2.00800,3.86765,94.56535,-0.29862,-22.40208,32.59259,0.53709,155.47200,8.02545,3.63691,103.86475,73.17838,1.15098,182.13864,3.40655,84.72948,1.33301,4.08993,1.10656,0
9.89583,6.99563,11.60706,83.05787,-68.31700,-3.27869,64.14511,35.85489,55.92584,44.07416,48.69962,66.82298,3.92003,30.97805,63.72365,95.36189,2.90020,9.65830,14.92907,0.92708,11.32845,1.41139,10.76935,1.75313,148.52388,2.25707,58.66583,0.17510,21.44761,21.21991,1.13420,167.13263,7.37067,3.69844,97.67952,81.91741,0.49605,189.50817,11.33316,57.12653,0.81640,3.84733,1.14939,1
12.59781,8.81035,16.96164,72.19425,-57.68350,20.26745,58.95941,41.04059,49.86452,50.13548,44.66476,65.24209,5.16204,24.57114,63.93789,98.00098,3.78746,15.86970,25.96768,3.09564,21.36690,2.70483,6.44642,3.18190,15.28450,1.34088,19.14506,2.18065,169.73885,18.34315,2.71801,242.40188,7.55454,2.73143,77.60030,68.01128,0.77346,204.30939,5.62736,58.54674,1.28471,7.00377,1.48466,1
6.31307,4.09944,7.29563,57.27920,-45.70048,-6.24796,70.48144,29.51856,66.86536,33.13464,57.31423,67.24540,1.52744,20.95919,66.13646,98.35091,2.21363,9.64990,14.19844,1.27129,11.15180,1.88864,6.53218,2.10371,17.75000,1.75070,65.99707,-0.10503,-16.29808,24.29334,1.00446,134.69033,7.90240,5.14468,101.34698,88.86830,0.54354,183.24258,5.81979,81.66542,0.64443,2.65269,0.47497,1
11.41289,5.49212,14.63504,118.00810,-106.59878,9.11896,57.28975,42.71025,43.82161,56.17839,36.46582,62.11062,6.80774,26.80314,61.54573,99.09051,5.92077,14.21756,23.35452,1.00875,18.23153,1.07267,10.91247,1.17437,27.22385,2.10676,41.74047,0.79709,71.67222,22.03429,1.71978,197.87138,7.15881,2.90861,89.98112,72.34006,0.90007,227.29594,6.52934,78.60698,1.11214,5.04729,0.91750,1
6.65114,5.02248,7.67583,70.49224,-67.20041,2.56283,59.00937,40.99063,54.32083,45.67917,51.96206,59.24242,6.72299,27.53667,62.88299,106.14522,1.62866,13.73041,22.81940,2.12475,15.84574,13.09168,15.84676,15.59767,100.29500,1.16151,29.87478,1.04240,129.40869,20.71816,1.64744,165.27034,6.76259,3.91705,86.64445,82.94337,0.48995,204.45611,5.37993,59.22408,0.80551,3.88794,0.92135,1
10.34698,6.61469,13.95739,88.48834,-80.78973,2.38108,56.17433,43.82567,47.01846,52.98154,42.59952,55.31508,8.32737,21.57157,63.78708,115.31589,3.73230,14.74730,25.83972,3.36712,19.89312,-2.04634,-4.47334,-2.21132,-2.09470,1.52768,29.20399,1.53801,145.82934,20.16149,2.06453,191.59685,7.19796,3.50489,82.39454,76.86919,0.77796,222.99894,0.00000,73.76386,1.05466,5.23107,1.23307,1